{"delimiter": "\\|",
"kafkaUri": "\\/depservices\\/connectors\\/kafka\\/",
"kafkaServers": "nodejsdev.digital-east.cvshealthcloud.com",
"kafkaAuthkey": "af5921080b5847b6a19f94d2daefeb0b",
"configNodeList":
	[{
		"colNumber": 0,
		"colName": "firstName",
		"type": "String"
	},
	{
		"colNumber": 1,
		"colName": "lastName",
		"type": "String"
	},
	{
		"colName": "address",
		"type": "object",
		"configNodeList": [
			{
				"colNumber": 2,
				"colName": "streetNumber",
				"type": "int"
			},
			{
				"colNumber": 3,
				"colName": "streetName",
				"type": "String"
			}
		]
	}]
}