{
	"appName": "psmloadrdldata",
	"delimiter": "\\|",
	"kafkaUri": "/depservices/connectors/kafka/",
	"kafkaServers": "nodejsdev.digital-east.cvshealthcloud.com",
	"kafkaAuthkey": "af5921080b5847b6a19f94d2daefeb0b",
	"recordsPerBatch": 20,
	"configNodeList":
	[
		{
			"colName": "requestMetaData",
			"type": "object",
			"configNodeList": 
			[
				{
					"colNumber": 0,
					"colName": "appName",
					"type": "String"
				},
				{
					"colNumber": 1,
					"colName": "lineOfBusiness",
					"type": "String"
				},
				{
					"colName": "conversationId",
					"type": "NEW_UUID"
				}
			]
		},
		{
			"colName": "requestPayloadData",
			"type": "object",
			"configNodeList": 
			[
				{
					"colName": "data",
					"type": "object",
					"configNodeList": [
						{
							"colNumber": 2,
							"colName": "memberId",
							"type": "String"
						},
						{
							"colNumber": 3,
							"colName": "memberSource",
							"type": "String"
						},
						{
							"colNumber": 4,
							"colName": "balance",
							"type": "double"
						},
						{
							"colName": "appName2",
							"type": "constant",
							"defaultValue": "emailApp"
						}
					]
				}
			]
		}
	]
}
