{
	"appName": "medcostsavings",
	"delimiter": "\\|",
	"kafkaUri": "/depservices/connectors/kafka/",
	"kafkaServers": "rri2paydl1v.cvs.com|rri2paydl2v.cvs.com|rri2paydl3v.cvs.com",
	"kafkaAuthkey": "096c3206fa7647b7ace5a7851f56746e",
	"recordsPerBatch": 20,
	"configNodeList":
	[
		{
			"colName": "requestMetaData",
			"type": "object",
			"configNodeList": 
			[
				{
					"colName": "appName",
					"type": "Constant",
					"defaultValue": "MEDCOST"
				},
				{
					"colName": "programName",
					"type": "Constant",
					"defaultValue": "SCRIPT_PATH"
				},
				{
					"colNumber": 5,
					"colName": "lineOfBusiness",
					"type": "String"
				},
				{
					"colName": "conversationId",
					"type": "NEW_UUID"
				}
			]
		},
		{
			"colName": "requestPayloadData",
			"type": "object",
			"configNodeList": 
			[
				{
					"colName": "data",
					"type": "object",
					"configNodeList": [
						{
							"colName": "eventName",
							"type": "Constant",
							"defaultValue": "CAMPAIGN_NOTIFICATION_MC"
						},
						{
							"colNumber": 0,
							"colName": "origin",
							"type": "String"
						},
						{
							"colNumber": 1,
							"colName": "memberId",
							"type": "String"
						},
						{
							"colNumber": 2,
							"colName": "memberSource",
							"type": "String"
						},
						{
							"colNumber": 3,
							"colName": "email",
							"type": "string"
						},
						{
							"colNumber": 4,
							"colName": "commDeliveryChannel",
							"type": "String"
						},
						{
							"colNumber": 6,
							"colName": "commContentType",
							"type": "String"
						},
						{
							"colNumber": 7,
							"colName": "commSubject",
							"type": "String"
						},
						{
							"colNumber": 8,
							"colName": "campaignId",
							"type": "String"
						},
						{
							"colNumber": 9,
							"colName": "opportunityId",
							"type": "String"
						},
						{
							"colNumber": 10,
							"colName": "campaignColumn",
							"type": "String"
						},
						{
							"colNumber": 11,
							"colName": "deepLinkUrl",
							"type": "String"
						},
						{
							"colNumber": 12,
							"colName": "xidFlag",
							"type": "String"
						},
						{
							"colNumber": 13,
							"colName": "action",
							"type": "String"
						},
						{
							"colNumber": 14,
							"colName": "programName",
							"type": "String"
						},
						{
							"colNumber": 15,
							"colName": "externalId",
							"type": "String"
						},
						{
							"colNumber": 16,
							"colName": "commSenderInfo",
							"type": "String"
						},
						{
							"colNumber": 17,
							"colName": "campaignName",
							"type": "String"
						}
					]
				}
			]
		}
	]
}
